insert into dormitories (dorm_id, floor_count)
values
	('5', 5),
	('4', 5),
	('6', 5),
	('7', 5),
	('1A', 9),
	('1B', 9);

insert into floors (floor_id, dorm_id)
values
	(1, '5'), (2, '5'), (3, '5'), (4, '5'), (5, '5'),
	(1, '4'), (2, '4'), (3, '4'), (4, '4'), (5, '4'),
	(1, '6'), (2, '6'), (3, '6'), (4, '6'), (5, '6'),
	(1, '7'), (2, '7'), (3, '7'), (4, '7'), (5, '7'),
	(1, '1A'), (2, '1A'), (3, '1A'), (4, '1A'), (5, '1A'),
	(1, '1B'), (2, '1B'), (3, '1B'), (4, '1B'), (5, '1B');

insert into rooms (room_id, dorm_id, floor_n, capacity)
values
	('101B', '5', 1, 3),
	('201B', '5', 2, 3),
	('301B', '5', 3, 3),
	('102M', '5', 1, 1),
	('202M', '5', 2, 1),
	('302B', '5', 3, 3),
	('103M', '5', 1, 1),
	('203B', '5', 2, 3),
	('303B', '5', 3, 3),
	('104M', '5', 1, 1),
	('204B', '5', 2, 3),
	('304B', '5', 3, 3),
	('105B', '5', 1, 3),
	('205B', '5', 2, 3),
	('305B', '5', 3, 3),
	('106M', '5', 1, 1),
	('206M', '5', 2, 1),
	('306B', '5', 3, 3),
	('107B', '5', 1, 3),
	('207B', '5', 2, 3),

	('204B', '4', 2, 3),
	('303M', '4', 3, 1),
	('106B', '4', 1, 3),
	('207B', '6', 2, 3),
	('304M', '6', 3, 1),
	('303M', '6', 3, 1),
	('208B', '6', 2, 3),
	('205B', '6', 2, 3),
	('109M', '7', 1, 1),
	('104B', '6', 1, 3),
	('206B', '7', 2, 3),
	('107M', '7', 1, 1),
	('205B', '7', 2, 3),
	('307B', '7', 3, 3),
	('106M', '7', 1, 1),
	('108B', '7', 1, 3),
	('309M', '7', 3, 1),
	('108B', '7', 1, 3),
	('204M', '7', 2, 1),
	('205B', '7', 2, 3),
	('210M', '7', 2, 1),
	('209', '1A', 2, 2),
	('110', '1A', 1, 1),
	('104', '1A', 1, 2),
	('206', '1B', 2, 2),
	('107', '1B', 1, 1),
	('205', '1B', 2, 1),
	('307', '1B', 3, 2),
	('106', '1B', 1, 1);


INSERT INTO students (student_id, last_name, first_name, patronymic, faculty, study_group)
VALUES
  (1, 'Иванов', 'Иван', 'Иванович', 'ФИТ', 22101),
  (2, 'Петров', 'Петр', 'Петрович', 'ФИТ', 22203),
  (3, 'Сидорова', 'Анна', 'Игоревна', 'ФИТ', 22205),
  (4, 'Козлов', 'Дмитрий', 'Александрович', 'ФИТ', 22203),
  (5, 'Смирнов', 'Алексей', 'Николаевич', 'ФИТ', 22212),
  (6, 'Новикова', 'Мария', 'Дмитриевна', 'ФИТ', 22210),
  (7, 'Лебедев', 'Артем', 'Сергеевич', 'ФИТ', 22201),
  (8, 'Васнецов', 'Александр', 'Игоревич', 'ФИТ', 20202),
  (9, 'Тимофеев', 'Арсений', 'Владимирович', 'ФИТ', 21201),
  (10, 'Кузнецов', 'Олег', 'Васильевич', 'ФИТ', 21201),
  (11, 'Белова', 'Татьяна', 'Денисовна', 'ФИТ', 21201),
  (12, 'Шевченко', 'Екатерина', 'Сергеевна', 'ФИТ', 21201),
  (13, 'Морозов', 'Владислав', 'Александрович', 'ФИТ', 21201),
  (14, 'Калинина', 'Людмила', 'Павловна', 'ФИТ', 21201),
  (15, 'Романов', 'Андрей', 'Андреевич', 'ФИТ', 21201),
  (16, 'Королева', 'Ольга', 'Сергеевна', 'ФИТ', 21201),
  (17, 'Воронов', 'Игорь', 'Николаевич', 'ФИТ', 21201),
  (18, 'Поляков', 'Станислав', 'Викторович', 'ФИТ', 21201),
  (19, 'Кудряшова', 'Виктория', 'Анатольевна', 'ФИТ', 21201),
  (20, 'Соловьев', 'Артур', 'Александрович', 'ФИТ', 22201),
  (21, 'Иванов', 'Игорь', 'Владимирович', 'ФИТ', 22202),
	(22, 'Петрова', 'Наталья', 'Александровна', 'ФИТ', 22204),
	(23, 'Соколов', 'Александр', 'Сергеевич', 'ФИТ', 22208),
	(24, 'Григорьев', 'Егор', 'Дмитриевич', 'ФИТ', 22206),
	(25, 'Кузьмина', 'Елена', 'Андреевна', 'ФИТ', 22216),
	(26, 'Андреев', 'Даниил', 'Александрович', 'ФИТ', 22214),
	(27, 'Беляева', 'Алина', 'Игоревна', 'ФИТ', 22218),
	(28, 'Медведев', 'Сергей', 'Олегович', 'ФИТ', 20204),
	(29, 'Алексеев', 'Иван', 'Михайлович', 'ФИТ', 21202),
	(30, 'Горбунов', 'Артем', 'Викторович', 'ФИТ', 21202),
	(31, 'Никитина', 'Юлия', 'Алексеевна', 'ФИТ', 21202),
	(32, 'Шестаков', 'Максим', 'Петрович', 'ФИТ', 21202),
	(33, 'Орлов', 'Илья', 'Владимирович', 'ФИТ', 21202),
	(34, 'Киселева', 'Анастасия', 'Ивановна', 'ФИТ', 21202),
	(35, 'Игнатьев', 'Глеб', 'Сергеевич', 'ФИТ', 21202),
	(36, 'Федотов', 'Роман', 'Дмитриевич', 'ФИТ', 21202),
	(37, 'Артемьева', 'Екатерина', 'Алексеевна', 'ФИТ', 21202),
	(38, 'Бобров', 'Михаил', 'Викторович', 'ФИТ', 21202),
	(39, 'Тарасова', 'Валентина', 'Петровна', 'ФИТ', 21202),
	(40, 'Семенов', 'Денис', 'Артемович', 'ФИТ', 22202),
	(41, 'Власов', 'Георгий', 'Георгиевич', 'ФИТ', 22202),
	(42, 'Лапина', 'Яна', 'Александровна', 'ФИТ', 22202),
	(43, 'Фомина', 'Вера', 'Игоревна', 'ФИТ', 22202),
	(44, 'Ермаков', 'Павел', 'Николаевич', 'ФИТ', 22202),
	(45, 'Сорокина', 'Маргарита', 'Олеговна', 'ФИТ', 22202),
	(46, 'Анисимов', 'Глеб', 'Александрович', 'ФИТ', 22202),
	(47, 'Карпова', 'Екатерина', 'Сергеевна', 'ФИТ', 20208),
	(48, 'Богданов', 'Николай', 'Иванович', 'ФИТ', 21204),
	(49, 'Комарова', 'Анна', 'Дмитриевна', 'ФИТ', 21204),
	(50, 'Казаков', 'Дмитрий', 'Владимирович', 'ФИТ', 21204);



INSERT INTO students_accommodation (student_id, dorm_n, room_n, contract_number, contract_start_date, contract_expire_date)
VALUES
  (1, '5', '101B', 1234, '2023-01-01', '2023-12-31'),
  (2, '5', '201B', 5678, '2023-01-15', '2023-12-15'),
  (3, '5', '201B', 9876, '2023-02-01', '2023-11-30'),
  (4, '5', '102M', 3456, '2023-03-01', '2023-10-31'),
  (5, '5', '202M', 7890, '2023-03-15', '2023-10-15'),
  (6, '5', '302B', 2345, '2023-04-01', '2023-09-30'),
  (7, '5', '302B', 6789, '2023-05-01', '2023-08-31'),
  (8, '5', '203B', 4321, '2023-05-15', '2023-08-15'),
  (9, '5', '203B', 5678, '2023-06-01', '2023-07-31'),
  (10, '5', '105B', 9012, '2023-07-01', '2023-12-01'),
  (11, '5', '101B', 1234, '2023-08-15', '2023-12-15'),
  (12, '5', '203B', 5678, '2023-09-01', '2023-11-30'),
  (13, '5', '105B', 9012, '2023-10-01', '2023-12-31'),
  (14, '5', '205B', 1234, '2023-11-15', '2023-12-15'),
  (15, '5', '305B', 5678, '2023-12-01', '2023-12-31'),
  (16, '5', '101B', 9012, '2024-01-01', '2024-06-01'),
  (17, '5', '107B', 1234, '2024-01-15', '2024-06-15'),
  (18, '5', '306B', 5678, '2024-02-01', '2024-05-31'),
  (19, '5', '107B', 9012, '2024-03-01', '2024-05-31'),
  (20, '5', '201B', 1234, '2024-04-15', '2024-05-15'),
  (21, '5', '105M', 5678, '2023-01-01', '2023-12-31'),
(22, '5', '204B', 1234, '2023-01-15', '2023-12-15'),
(23, '5', '303M', 9876, '2023-02-01', '2023-11-30'),
(24, '5', '106B', 3456, '2023-03-01', '2023-10-31'),
(25, '5', '207B', 7890, '2023-03-15', '2023-10-15'),
(26, '5', '304M', 2345, '2023-04-01', '2023-09-30'),
(27, '5', '303M', 6789, '2023-05-01', '2023-08-31'),
(28, '5', '208B', 4321, '2023-05-15', '2023-08-15'),
(29, '5', '205B', 5678, '2023-06-01', '2023-07-31'),
(30, '5', '109M', 9012, '2023-07-01', '2023-12-01'),
(31, '5', '104B', 1234, '2023-08-15', '2023-12-15'),
(32, '5', '206B', 5678, '2023-09-01', '2023-11-30'),
(33, '5', '107M', 9012, '2023-10-01', '2023-12-31'),
(34, '5', '205B', 1234, '2023-11-15', '2023-12-15'),
(35, '5', '307B', 5678, '2023-12-01', '2023-12-31'),
(36, '5', '106M', 9012, '2024-01-01', '2024-06-01'),
(37, '5', '108B', 1234, '2024-01-15', '2024-06-15'),
(38, '5', '309M', 5678, '2024-02-01', '2024-05-31'),
(39, '5', '108B', 9012, '2024-03-01', '2024-05-31'),
(40, '5', '204M', 1234, '2024-04-15', '2024-05-15'),
(41, '5', '205B', 5678, '2024-05-01', '2024-08-31'),
(42, '5', '210M', 4321, '2024-05-15', '2024-08-15'),
(43, '5', '209B', 5678, '2024-06-01', '2024-07-31'),
(44, '5', '110M', 9012, '2024-07-01', '2024-12-01'),
(45, '5', '104B', 1234, '2024-08-15', '2024-12-15'),
(46, '5', '206B', 5678, '2024-09-01', '2024-11-30'),
(47, '5', '107M', 9012, '2024-10-01', '2024-12-31'),
(48, '5', '205B', 1234, '2024-11-15', '2024-12-15'),
(49, '5', '307B', 5678, '2024-12-01', '2024-12-31'),
(50, '5', '106M', 9012, '2025-01-01', '2025-06-01');

